{
  "requests" : [
    {
      "url" : "app",
      "controller" : "manager.ApplicationController",
      "methods" : [
        { "method" : "GET", "url" : "index", "name" : "getIndexView" },
        { "method" : "GET", "url" : "me", "name" : "getMyView" },
        { "method" : "GET", "url" : "(string:name)", "name" : "getUserView" },
        { "method" : "POST", "url" : "login", "name" : "login",
          "args" : [
            { "type" : "string", "name" : "email" },
            { "type" : "string", "name" : "password" }
          ]
        },
        { "method" : "POST", "url" : "logout", "name" : "logout" },
        { "method" : "POST", "url" : "subscribe", "name" : "subscribe",
          "args" : [
            { "type" : "string", "name" : "firstName" },
            { "type" : "string", "name" : "lastName" },
            { "type" : "string", "name" : "street" },
            { "type" : "int", "name" : "zipCode" },
            { "type" : "string", "name" : "city" },
            { "type" : "string", "name" : "country" },
            { "type" : "string", "name" : "email" },
            { "type" : "string", "name" : "password" }
          ]
        }
      ]
    },
    {
      "url" : "api",
      "controller" : "manager.ApiController",
      "methods" : [
        { "method" : "GET", "url" : "list", "name" : "getAllUsers" },
        { "method" : "GET", "url" : "online", "name" : "getAvailableUsers" },
        { "method" : "GET", "url" : "offline", "name" : "getUnavailableUsers" }
      ]
    }
  ]
}