{
  "requests" : [
    {
      "url" : "games",
      "controller" : "manager.ResourcesController",
      "methods" : [
        { "method" : "GET", "url" : "index", "name" : "getIndexView" },
        { "method" : "POST", "url" : "login", "name" : "login",
          "args" : [
            { "type" : "string", "name" : "email" },
            { "type" : "string", "name" : "password" }
          ]
        },
        { "method" : "POST", "url" : "logout", "name" : "logout" },
        { "method" : "POST", "url" : "subscribe", "name" : "subscribe",
          "args" : [
            { "type" : "string", "name" : "email" },
            { "type" : "string", "name" : "password" }
          ]
        }
      ]
    }
  ]
}