{
  "requests" : [
    {
      "url" : "manager",
      "controller" : "manager.ResourcesController",
      "methods" : [
        { "method" : "GET", "url" : "list", "name" : "getPointsIds" },
        { "method" : "GET", "url" : "p/(int:id)/x", "name" : "getXByPointId" },
        { "method" : "GET", "url" : "p/(int:id)/y", "name" : "getYByPointId" },
        { "method" : "PUT", "url" : "p/(int:id)?(double:x)&(double:y)", "name" : "updatePointById" },
        { "method" : "DELETE", "url" : "p/(int:id)", "name" : "removePointById" },
        { "method" : "POST",
          "url" : "p",
          "name" : "addPoint",
          "args" : [
            { "type" : "double", "name" : "x" },
            { "type" : "double", "name" : "y" }
          ]
        }
      ]
    }
  ]
}